id,profile
1,"Python, Machine Learning, Data Analysis, Big Data, Statistics, Data Visualization, SQL, R, TensorFlow, Keras, Pandas, NumPy, Scikit-learn, Jupyter, Deep Learning, Artificial Intelligence, Data Mining"
2,"JavaScript, React, Web Development, HTML, CSS, Node.js, Express.js, MongoDB, REST API, Redux, Vue.js, Angular, TypeScript, Frontend Development, AJAX, Web Design, User Experience"
3,"Java, Spring Boot, Microservices, RESTful Web Services, Hibernate, JPA, Docker, Kubernetes, Cloud Computing, AWS, Azure, Google Cloud, Maven, Gradle, Jenkins, CI/CD, Git, Software Architecture, Object-Oriented Design"
4,"Python, Data Science, Deep Learning, Natural Language Processing, Neural Networks, Machine Learning, Artificial Intelligence, Big Data, Hadoop, Spark, Data Analysis, SQL, NoSQL, Data Engineering, Data Visualization, R, Julia"
5,"C++, Game Development, Unreal Engine, Unity, Graphics Programming, DirectX, OpenGL, VR Development, AR Development, 3D Modeling, Physics Simulation, Multiplayer Game Development, Network Programming, AI for Games, Game Design, Gameplay Programming"
6,"Ruby, Ruby on Rails, Web Development, Backend Development, SQL, PostgreSQL, MySQL, Heroku, DevOps, TDD, BDD, REST API, JavaScript, HTML, CSS, Agile Methodologies, Continuous Integration, Version Control, Git"
7,"C#, .NET, ASP.NET, MVC, Web Development, Windows Development, Azure, SQL Server, Entity Framework, LINQ, Blazor, Web API, Microservices, TDD, Unit Testing, Software Development Life Cycle, Agile, Scrum"
8,"Go, Microservices, Cloud Computing, Kubernetes, Docker, AWS, GCP, Azure, RESTful APIs, Software Development, Distributed Systems, High Performance Computing, DevOps, Continuous Deployment, CI/CD, System Design, Network Programming"
9,"PHP, Laravel, Symfony, Web Development, MySQL, PostgreSQL, RESTful API, JavaScript, HTML, CSS, Web Design, User Experience, Backend Development, MVC Frameworks, E-commerce Development, Payment Gateway Integration, Agile Methodologies, TDD"
10,"Swift, iOS Development, Mobile Development, Objective-C, Xcode, UIKit, Core Data, SwiftUI, Combine, Cocoa Touch, ARKit, SceneKit, AVFoundation, Mobile App Design, User Interface Design, UX Design, RESTful API, Firebase, iOS SDK"
11,"Python, Flask, Django, Web Development, Backend Development, SQLAlchemy, PostgreSQL, MySQL, REST API, GraphQL, JavaScript, HTML, CSS, DevOps, Docker, Kubernetes, AWS, Continuous Integration, Git"
12,"JavaScript, Angular, Frontend Development, Web Development, TypeScript, RxJS, NgRx, HTML, CSS, Node.js, Express.js, MongoDB, REST API, Redux, Web Design, User Experience, Agile Methodologies"
13,"Java, Spring Framework, Spring Boot, Microservices, RESTful Web Services, Hibernate, JPA, Docker, Kubernetes, Cloud Computing, AWS, Azure, Google Cloud, Maven, Gradle, Jenkins, CI/CD, Git, Software Architecture, Object-Oriented Design"
14,"Python, Machine Learning, Data Analysis, Big Data, Data Visualization, SQL, R, TensorFlow, Keras, Pandas, NumPy, Scikit-learn, Jupyter, Deep Learning, Artificial Intelligence, Data Mining, Natural Language Processing"
15,"JavaScript, Vue.js, Frontend Development, Web Development, HTML, CSS, Node.js, Express.js, MongoDB, REST API, Redux, React, TypeScript, Web Design, User Experience, Agile Methodologies"
16,"Java, Spring Boot, Microservices, RESTful Web Services, Hibernate, JPA, Docker, Kubernetes, Cloud Computing, AWS, Azure, Google Cloud, Maven, Gradle, Jenkins, CI/CD, Git, Software Architecture, Object-Oriented Design"
17,"Python, Data Science, Deep Learning, Natural Language Processing, Neural Networks, Machine Learning, Artificial Intelligence, Big Data, Hadoop, Spark, Data Analysis, SQL, NoSQL, Data Engineering, Data Visualization, R, Julia"
18,"C++, Game Development, Unreal Engine, Unity, Graphics Programming, DirectX, OpenGL, VR Development, AR Development, 3D Modeling, Physics Simulation, Multiplayer Game Development, Network Programming, AI for Games, Game Design, Gameplay Programming"
19,"Ruby, Ruby on Rails, Web Development, Backend Development, SQL, PostgreSQL, MySQL, Heroku, DevOps, TDD, BDD, REST API, JavaScript, HTML, CSS, Agile Methodologies, Continuous Integration, Version Control, Git"
20,"C#, .NET, ASP.NET, MVC, Web Development, Windows Development, Azure, SQL Server, Entity Framework, LINQ, Blazor, Web API, Microservices, TDD, Unit Testing, Software Development Life Cycle, Agile, Scrum"
21,"Go, Microservices, Cloud Computing, Kubernetes, Docker, AWS, GCP, Azure, RESTful APIs, Software Development, Distributed Systems, High Performance Computing, DevOps, Continuous Deployment, CI/CD, System Design, Network Programming"
22,"PHP, Laravel, Symfony, Web Development, MySQL, PostgreSQL, RESTful API, JavaScript, HTML, CSS, Web Design, User Experience, Backend Development, MVC Frameworks, E-commerce Development, Payment Gateway Integration, Agile Methodologies, TDD"
23,"Swift, iOS Development, Mobile Development, Objective-C, Xcode, UIKit, Core Data, SwiftUI, Combine, Cocoa Touch, ARKit, SceneKit, AVFoundation, Mobile App Design, User Interface Design, UX Design, RESTful API, Firebase, iOS SDK"
24,"Python, Flask, Django, Web Development, Backend Development, SQLAlchemy, PostgreSQL, MySQL, REST API, GraphQL, JavaScript, HTML, CSS, DevOps, Docker, Kubernetes, AWS, Continuous Integration, Git"
25,"JavaScript, Angular, Frontend Development, Web Development, TypeScript, RxJS, NgRx, HTML, CSS, Node.js, Express.js, MongoDB, REST API, Redux, Web Design, User Experience, Agile Methodologies"
26,"Java, Spring Framework, Spring Boot, Microservices, RESTful Web Services, Hibernate, JPA, Docker, Kubernetes, Cloud Computing, AWS, Azure, Google Cloud, Maven, Gradle, Jenkins, CI/CD, Git, Software Architecture, Object-Oriented Design"
27,"Python, Machine Learning, Data Analysis, Big Data, Data Visualization, SQL, R, TensorFlow, Keras, Pandas, NumPy, Scikit-learn, Jupyter, Deep Learning, Artificial Intelligence, Data Mining, Natural Language Processing"
28,"JavaScript, Vue.js, Frontend Development, Web Development, HTML, CSS, Node.js, Express.js, MongoDB, REST API, Redux, React, TypeScript, Web Design, User Experience, Agile Methodologies"
29,"Java, Spring Boot, Microservices, RESTful Web Services, Hibernate, JPA, Docker, Kubernetes, Cloud Computing, AWS, Azure, Google Cloud, Maven, Gradle, Jenkins, CI/CD, Git, Software Architecture, Object-Oriented Design"
30,"Python, Data Science, Deep Learning, Natural Language Processing, Neural Networks, Machine Learning, Artificial Intelligence, Big Data, Hadoop, Spark, Data Analysis, SQL, NoSQL, Data Engineering, Data Visualization, R, Julia"
31,"C++, Game Development, Unreal Engine, Unity, Graphics Programming, DirectX, OpenGL, VR Development, AR Development, 3D Modeling, Physics Simulation, Multiplayer Game Development, Network Programming, AI for Games, Game Design, Gameplay Programming"
32,"Ruby, Ruby on Rails, Web Development, Backend Development, SQL, PostgreSQL, MySQL, Heroku, DevOps, TDD, BDD, REST API, JavaScript, HTML, CSS, Agile Methodologies, Continuous Integration, Version Control, Git"
33,"C#, .NET, ASP.NET, MVC, Web Development, Windows Development, Azure, SQL Server, Entity Framework, LINQ, Blazor, Web API, Microservices, TDD, Unit Testing, Software Development Life Cycle, Agile, Scrum"
34,"Go, Microservices, Cloud Computing, Kubernetes, Docker, AWS, GCP, Azure, RESTful APIs, Software Development, Distributed Systems, High Performance Computing, DevOps, Continuous Deployment, CI/CD, System Design, Network Programming"
35,"PHP, Laravel, Symfony, Web Development, MySQL, PostgreSQL, RESTful API, JavaScript, HTML, CSS, Web Design, User Experience, Backend Development, MVC Frameworks, E-commerce Development, Payment Gateway Integration, Agile Methodologies, TDD"
36,"Swift, iOS Development, Mobile Development, Objective-C, Xcode, UIKit, Core Data, SwiftUI, Combine, Cocoa Touch, ARKit, SceneKit, AVFoundation, Mobile App Design, User Interface Design, UX Design, RESTful API, Firebase, iOS SDK"
37,"Python, Flask, Django, Web Development, Backend Development, SQLAlchemy, PostgreSQL, MySQL, REST API, GraphQL, JavaScript, HTML, CSS, DevOps, Docker, Kubernetes, AWS, Continuous Integration, Git"
38,"JavaScript, Angular, Frontend Development, Web Development, TypeScript, RxJS, NgRx, HTML, CSS, Node.js, Express.js, MongoDB, REST API, Redux, Web Design, User Experience, Agile Methodologies"
39,"Java, Spring Framework, Spring Boot, Microservices, RESTful Web Services, Hibernate, JPA, Docker, Kubernetes, Cloud Computing, AWS, Azure, Google Cloud, Maven, Gradle, Jenkins, CI/CD, Git, Software Architecture, Object-Oriented Design"
40,"Python, Machine Learning, Data Analysis, Big Data, Data Visualization, SQL, R, TensorFlow, Keras, Pandas, NumPy, Scikit-learn, Jupyter, Deep Learning, Artificial Intelligence, Data Mining, Natural Language Processing"
41,"JavaScript, Vue.js, Frontend Development, Web Development, HTML, CSS, Node.js, Express.js, MongoDB, REST API, Redux, React, TypeScript, Web Design, User Experience, Agile Methodologies"
42,"Java, Spring Boot, Microservices, RESTful Web Services, Hibernate, JPA, Docker, Kubernetes, Cloud Computing, AWS, Azure, Google Cloud, Maven, Gradle, Jenkins, CI/CD, Git, Software Architecture, Object-Oriented Design"
43,"Python, Data Science, Deep Learning, Natural Language Processing, Neural Networks, Machine Learning, Artificial Intelligence, Big Data, Hadoop, Spark, Data Analysis, SQL, NoSQL, Data Engineering, Data Visualization, R, Julia"
44,"C++, Game Development, Unreal Engine, Unity, Graphics Programming, DirectX, OpenGL, VR Development, AR Development, 3D Modeling, Physics Simulation, Multiplayer Game Development, Network Programming, AI for Games, Game Design, Gameplay Programming"
45,"Ruby, Ruby on Rails, Web Development, Backend Development, SQL, PostgreSQL, MySQL, Heroku, DevOps, TDD, BDD, REST API, JavaScript, HTML, CSS, Agile Methodologies, Continuous Integration, Version Control, Git"
46,"C#, .NET, ASP.NET, MVC, Web Development, Windows Development, Azure, SQL Server, Entity Framework, LINQ, Blazor, Web API, Microservices, TDD, Unit Testing, Software Development Life Cycle, Agile, Scrum"
47,"Go, Microservices, Cloud Computing, Kubernetes, Docker, AWS, GCP, Azure, RESTful APIs, Software Development, Distributed Systems, High Performance Computing, DevOps, Continuous Deployment, CI/CD, System Design, Network Programming"
48,"PHP, Laravel, Symfony, Web Development, MySQL, PostgreSQL, RESTful API, JavaScript, HTML, CSS, Web Design, User Experience, Backend Development, MVC Frameworks, E-commerce Development, Payment Gateway Integration, Agile Methodologies, TDD"
49,"Swift, iOS Development, Mobile Development, Objective-C, Xcode, UIKit, Core Data, SwiftUI, Combine, Cocoa Touch, ARKit, SceneKit, AVFoundation, Mobile App Design, User Interface Design, UX Design, RESTful API, Firebase, iOS SDK"
50,"Python, Flask, Django, Web Development, Backend Development, SQLAlchemy, PostgreSQL, MySQL, REST API, GraphQL, JavaScript, HTML, CSS, DevOps, Docker, Kubernetes, AWS, Continuous Integration, Git"
]
