id,requirements
1,"Python, Data Science, Machine Learning, Big Data, Hadoop, Spark, TensorFlow, Keras, Data Analysis, SQL, R, Deep Learning, Artificial Intelligence, Data Visualization, Pandas, NumPy, Scikit-learn, Jupyter"
2,"JavaScript, Frontend, React, Web Development, HTML, CSS, Node.js, Express.js, Redux, Vue.js, Angular, TypeScript, REST API, Web Design, User Experience, AJAX, Frontend Development, Single Page Applications, User Interface"
3,"Java, Backend, Microservices, Spring Boot, RESTful Web Services, Hibernate, JPA, Docker, Kubernetes, AWS, Azure, Cloud Computing, Google Cloud, CI/CD, Jenkins, Maven, Gradle, Git, Software Architecture, Object-Oriented Design"
4,"C++, Game Development, Unreal Engine, Unity, Graphics Programming, DirectX, OpenGL, VR Development, AR Development, 3D Modeling, Physics Simulation, Multiplayer Game Development, Network Programming, AI for Games, Game Design, Gameplay Programming"
5,"Ruby, Ruby on Rails, Web Development, Backend Development, SQL, PostgreSQL, MySQL, Heroku, DevOps, TDD, BDD, REST API, JavaScript, HTML, CSS, Agile Methodologies, Continuous Integration, Version Control, Git"
6,"C#, .NET, ASP.NET, MVC, Web Development, Windows Development, Azure, SQL Server, Entity Framework, LINQ, Blazor, Web API, Microservices, TDD, Unit Testing, Software Development Life Cycle, Agile, Scrum"
7,"Go, Microservices, Cloud Computing, Kubernetes, Docker, AWS, GCP, Azure, RESTful APIs, Software Development, Distributed Systems, High Performance Computing, DevOps, Continuous Deployment, CI/CD, System Design, Network Programming"
8,"PHP, Laravel, Symfony, Web Development, MySQL, PostgreSQL, RESTful API, JavaScript, HTML, CSS, Web Design, User Experience, Backend Development, MVC Frameworks, E-commerce Development, Payment Gateway Integration, Agile Methodologies, TDD"
9,"Swift, iOS Development, Mobile Development, Objective-C, Xcode, UIKit, Core Data, SwiftUI, Combine, Cocoa Touch, ARKit, SceneKit, AVFoundation, Mobile App Design, User Interface Design, UX Design, RESTful API, Firebase, iOS SDK"
10,"Perl, Scripting, System Administration, Automation, Linux, Shell Scripting, Network Programming, System Monitoring, DevOps, CI/CD, Jenkins, Docker, Kubernetes, Ansible, Puppet, Chef, Version Control, Git, Software Development"
11,"Python, Data Analysis, Machine Learning, Deep Learning, Natural Language Processing, Data Visualization, SQL, R, TensorFlow, Keras, Pandas, NumPy, Scikit-learn, Jupyter, Artificial Intelligence, Big Data, Data Mining"
12,"JavaScript, Frontend Development, React, Web Development, HTML, CSS, Node.js, Express.js, REST API, Redux, Vue.js, Angular, TypeScript, Web Design, User Experience, AJAX, Frontend Development, Single Page Applications, User Interface"
13,"Java, Spring Boot, Microservices, RESTful Web Services, Hibernate, JPA, Docker, Kubernetes, AWS, Azure, Cloud Computing, Google Cloud, CI/CD, Jenkins, Maven, Gradle, Git, Software Architecture, Object-Oriented Design"
14,"C++, Game Development, Unreal Engine, Unity, Graphics Programming, DirectX, OpenGL, VR Development, AR Development, 3D Modeling, Physics Simulation, Multiplayer Game Development, Network Programming, AI for Games, Game Design, Gameplay Programming"
15,"Ruby, Ruby on Rails, Web Development, Backend Development, SQL, PostgreSQL, MySQL, Heroku, DevOps, TDD, BDD, REST API, JavaScript, HTML, CSS, Agile Methodologies, Continuous Integration, Version Control, Git"
16,"C#, .NET, ASP.NET, MVC, Web Development, Windows Development, Azure, SQL Server, Entity Framework, LINQ, Blazor, Web API, Microservices, TDD, Unit Testing, Software Development Life Cycle, Agile, Scrum"
17,"Go, Microservices, Cloud Computing, Kubernetes, Docker, AWS, GCP, Azure, RESTful APIs, Software Development, Distributed Systems, High Performance Computing, DevOps, Continuous Deployment, CI/CD, System Design, Network Programming"
18,"PHP, Laravel, Symfony, Web Development, MySQL, PostgreSQL, RESTful API, JavaScript, HTML, CSS, Web Design, User Experience, Backend Development, MVC Frameworks, E-commerce Development, Payment Gateway Integration, Agile Methodologies, TDD"
19,"Swift, iOS Development, Mobile Development, Objective-C, Xcode, UIKit, Core Data, SwiftUI, Combine, Cocoa Touch, ARKit, SceneKit, AVFoundation, Mobile App Design, User Interface Design, UX Design, RESTful API, Firebase, iOS SDK"
20,"Perl, Scripting, System Administration, Automation, Linux, Shell Scripting, Network Programming, System Monitoring, DevOps, CI/CD, Jenkins, Docker, Kubernetes, Ansible, Puppet, Chef, Version Control, Git, Software Development"
21,"Python, Flask, Django, Web Development, Backend Development, SQLAlchemy, PostgreSQL, MySQL, REST API, GraphQL, JavaScript, HTML, CSS, DevOps, Docker, Kubernetes, AWS, Continuous Integration, Git"
22,"JavaScript, Angular, Frontend Development, Web Development, TypeScript, RxJS, NgRx, HTML, CSS, Node.js, Express.js, MongoDB, REST API, Redux, Web Design, User Experience, Agile Methodologies"
23,"Java, Spring Framework, Spring Boot, Microservices, RESTful Web Services, Hibernate, JPA, Docker, Kubernetes, Cloud Computing, AWS, Azure, Google Cloud, Maven, Gradle, Jenkins, CI/CD, Git, Software Architecture, Object-Oriented Design"
24,"Python, Machine Learning, Data Analysis, Big Data, Data Visualization, SQL, R, TensorFlow, Keras, Pandas, NumPy, Scikit-learn, Jupyter, Deep Learning, Artificial Intelligence, Data Mining, Natural Language Processing"
25,"JavaScript, Vue.js, Frontend Development, Web Development, HTML, CSS, Node.js, Express.js, MongoDB, REST API, Redux, React, TypeScript, Web Design, User Experience, Agile Methodologies"
26,"Java, Spring Boot, Microservices, RESTful Web Services, Hibernate, JPA, Docker, Kubernetes, Cloud Computing, AWS, Azure, Google Cloud, Maven, Gradle, Jenkins, CI/CD, Git, Software Architecture, Object-Oriented Design"
27,"Python, Data Science, Deep Learning, Natural Language Processing, Neural Networks, Machine Learning, Artificial Intelligence, Big Data, Hadoop, Spark, Data Analysis, SQL, NoSQL, Data Engineering, Data Visualization, R, Julia"
28,"C++, Game Development, Unreal Engine, Unity, Graphics Programming, DirectX, OpenGL, VR Development, AR Development, 3D Modeling, Physics Simulation, Multiplayer Game Development, Network Programming, AI for Games, Game Design, Gameplay Programming"
29,"Ruby, Ruby on Rails, Web Development, Backend Development, SQL, PostgreSQL, MySQL, Heroku, DevOps, TDD, BDD, REST API, JavaScript, HTML, CSS, Agile Methodologies, Continuous Integration, Version Control, Git"
30,"C#, .NET, ASP.NET, MVC, Web Development, Windows Development, Azure, SQL Server, Entity Framework, LINQ, Blazor, Web API, Microservices, TDD, Unit Testing, Software Development Life Cycle, Agile, Scrum"
31,"Go, Microservices, Cloud Computing, Kubernetes, Docker, AWS, GCP, Azure, RESTful APIs, Software Development, Distributed Systems, High Performance Computing, DevOps, Continuous Deployment, CI/CD, System Design, Network Programming"
32,"PHP, Laravel, Symfony, Web Development, MySQL, PostgreSQL, RESTful API, JavaScript, HTML, CSS, Web Design, User Experience, Backend Development, MVC Frameworks, E-commerce Development, Payment Gateway Integration, Agile Methodologies, TDD"
33,"Swift, iOS Development, Mobile Development, Objective-C, Xcode, UIKit, Core Data, SwiftUI, Combine, Cocoa Touch, ARKit, SceneKit, AVFoundation, Mobile App Design, User Interface Design, UX Design, RESTful API, Firebase, iOS SDK"
34,"Perl, Scripting, System Administration, Automation, Linux, Shell Scripting, Network Programming, System Monitoring, DevOps, CI/CD, Jenkins, Docker, Kubernetes, Ansible, Puppet, Chef, Version Control, Git, Software Development"
35,"Python, Data Science, Machine Learning, Big Data, Hadoop, Spark, TensorFlow, Keras, Data Analysis, SQL, R, Deep Learning, Artificial Intelligence, Data Visualization, Pandas, NumPy, Scikit-learn, Jupyter"
36,"JavaScript, Frontend, React, Web Development, HTML, CSS, Node.js, Express.js, Redux, Vue.js, Angular, TypeScript, REST API, Web Design, User Experience, AJAX, Frontend Development, Single Page Applications, User Interface"
37,"Java, Backend, Microservices, Spring Boot, RESTful Web Services, Hibernate, JPA, Docker, Kubernetes, AWS, Azure, Cloud Computing, Google Cloud, CI/CD, Jenkins, Maven, Gradle, Git, Software Architecture, Object-Oriented Design"
38,"C++, Game Development, Unreal Engine, Unity, Graphics Programming, DirectX, OpenGL, VR Development, AR Development, 3D Modeling, Physics Simulation, Multiplayer Game Development, Network Programming, AI for Games, Game Design, Gameplay Programming"
39,"Ruby, Ruby on Rails, Web Development, Backend Development, SQL, PostgreSQL, MySQL, Heroku, DevOps, TDD, BDD, REST API, JavaScript, HTML, CSS, Agile Methodologies, Continuous Integration, Version Control, Git"
40,"C#, .NET, ASP.NET, MVC, Web Development, Windows Development, Azure, SQL Server, Entity Framework, LINQ, Blazor, Web API, Microservices, TDD, Unit Testing, Software Development Life Cycle, Agile, Scrum"
41,"Go, Microservices, Cloud Computing, Kubernetes, Docker, AWS, GCP, Azure, RESTful APIs, Software Development, Distributed Systems, High Performance Computing, DevOps, Continuous Deployment, CI/CD, System Design, Network Programming"
42,"PHP, Laravel, Symfony, Web Development, MySQL, PostgreSQL, RESTful API, JavaScript, HTML, CSS, Web Design, User Experience, Backend Development, MVC Frameworks, E-commerce Development, Payment Gateway Integration, Agile Methodologies, TDD"
43,"Swift, iOS Development, Mobile Development, Objective-C, Xcode, UIKit, Core Data, SwiftUI, Combine, Cocoa Touch, ARKit, SceneKit, AVFoundation, Mobile App Design, User Interface Design, UX Design, RESTful API, Firebase, iOS SDK"
44,"Perl, Scripting, System Administration, Automation, Linux, Shell Scripting, Network Programming, System Monitoring, DevOps, CI/CD, Jenkins, Docker, Kubernetes, Ansible, Puppet, Chef, Version Control, Git, Software Development"
45,"Python, Data Analysis, Machine Learning, Deep Learning, Natural Language Processing, Data Visualization, SQL, R, TensorFlow, Keras, Pandas, NumPy, Scikit-learn, Jupyter, Artificial Intelligence, Big Data, Data Mining"
46,"JavaScript, Frontend Development, React, Web Development, HTML, CSS, Node.js, Express.js, REST API, Redux, Vue.js, Angular, TypeScript, Web Design, User Experience, AJAX, Frontend Development, Single Page Applications, User Interface"
47,"Java, Spring Boot, Microservices, RESTful Web Services, Hibernate, JPA, Docker, Kubernetes, AWS, Azure, Cloud Computing, Google Cloud, CI/CD, Jenkins, Maven, Gradle, Git, Software Architecture, Object-Oriented Design"
48,"C++, Game Development, Unreal Engine, Unity, Graphics Programming, DirectX, OpenGL, VR Development, AR Development, 3D Modeling, Physics Simulation, Multiplayer Game Development, Network Programming, AI for Games, Game Design, Gameplay Programming"
49,"Ruby, Ruby on Rails, Web Development, Backend Development, SQL, PostgreSQL, MySQL, Heroku, DevOps, TDD, BDD, REST API, JavaScript, HTML, CSS, Agile Methodologies, Continuous Integration, Version Control, Git"
50,"C#, .NET, ASP.NET, MVC, Web Development, Windows Development, Azure, SQL Server, Entity Framework, LINQ, Blazor, Web API, Microservices, TDD, Unit Testing, Software Development Life Cycle, Agile, Scrum"
]
